"Customers","CustomerId"
1,"AB10"
2,"AB11"
3,"AB12"
4,"AB13"
5,"AB14"
6,"AB15"
7,"AB16"
8,"AB21"
9,"AB22"
10,"AB23"
11,"AB24"
12,"AB25"
13,"AB30"
14,"AB31"
15,"AB32"
16,"AB33"
17,"AB34"
18,"AB35"
19,"AB36"
20,"AB37"
21,"AB38"
22,"AB39"
23,"AB41"
24,"AB42"
25,"AB43"
26,"AB44"
27,"AB45"
28,"AB51"
29,"AB52"
30,"AB53"
31,"AB54"
32,"AB55"
33,"AB56"
34,"DD1"
35,"DD2"
36,"DD3"
37,"DD4"
38,"DD5"
39,"DD6"
40,"DD7"
41,"DD8"
42,"DD9"
43,"DD10"
44,"DD11"
45,"DG1"
46,"DG2"
47,"DG3"
48,"DG4"
49,"DG5"
50,"DG6"
51,"DG7"
52,"DG8"
53,"DG9"
54,"DG10"
55,"DG11"
56,"DG12"
57,"DG13"
58,"DG14"
59,"EH1"
60,"EH2"
61,"EH3"
62,"EH4"
63,"EH5"
64,"EH6"
65,"EH7"
66,"EH8"
67,"EH9"
68,"EH10"
69,"EH11"
70,"EH12"
71,"EH13"
72,"EH14"
73,"EH15"
74,"EH16"
75,"EH17"
76,"EH18"
77,"EH19"
78,"EH20"
79,"EH21"
80,"EH22"
81,"EH23"
82,"EH24"
83,"EH25"
84,"EH26"
85,"EH27"
86,"EH28"
87,"EH29"
88,"EH30"
89,"EH31"
90,"EH32"
91,"EH33"
92,"EH34"
93,"EH35"
94,"EH36"
95,"EH37"
96,"EH38"
97,"EH39"
98,"EH40"
99,"EH41"
100,"EH42"
101,"EH43"
102,"EH44"
103,"EH45"
104,"EH46"
105,"EH47"
106,"EH48"
107,"EH49"
108,"EH51"
109,"EH52"
110,"EH53"
111,"EH54"
112,"EH55"
113,"FK1"
114,"FK2"
115,"FK3"
116,"FK4"
117,"FK5"
118,"FK6"
119,"FK7"
120,"FK8"
121,"FK9"
122,"FK10"
123,"FK11"
124,"FK12"
125,"FK13"
126,"FK14"
127,"FK15"
128,"FK16"
129,"FK17"
130,"FK18"
131,"FK19"
132,"FK20"
133,"FK21"
134,"G1"
135,"G2"
136,"G3"
137,"G4"
138,"G5"
139,"G11"
140,"G12"
141,"G13"
142,"G14"
143,"G15"
144,"G20"
145,"G21"
146,"G22"
147,"G23"
148,"G31"
149,"G32"
150,"G33"
151,"G34"
152,"G40"
153,"G41"
154,"G42"
155,"G43"
156,"G44"
157,"G45"
158,"G46"
159,"G51"
160,"G52"
161,"G53"
162,"G60"
163,"G61"
164,"G62"
165,"G63"
166,"G64"
167,"G65"
168,"G66"
169,"G67"
170,"G68"
171,"G69"
172,"G71"
173,"G72"
174,"G73"
175,"G74"
176,"G75"
177,"G76"
178,"G77"
179,"G78"
180,"G81"
181,"G82"
182,"G83"
183,"G84"
184,"HS1"
185,"HS2"
186,"HS3"
187,"HS4"
188,"HS5"
189,"HS6"
190,"HS7"
191,"HS8"
192,"HS9"
193,"IV1"
194,"IV2"
195,"IV3"
196,"IV4"
197,"IV5"
198,"IV6"
199,"IV7"
200,"IV8"
201,"IV9"
202,"IV10"
203,"IV11"
204,"IV12"
205,"IV13"
206,"IV14"
207,"IV15"
208,"IV16"
209,"IV17"
210,"IV18"
211,"IV19"
212,"IV20"
213,"IV21"
214,"IV22"
215,"IV23"
216,"IV24"
217,"IV25"
218,"IV26"
219,"IV27"
220,"IV28"
221,"IV30"
222,"IV31"
223,"IV32"
224,"IV36"
225,"IV40"
226,"IV41"
227,"IV42"
228,"IV43"
229,"IV44"
230,"IV45"
231,"IV46"
232,"IV47"
233,"IV48"
234,"IV49"
235,"IV51"
236,"IV52"
237,"IV53"
238,"IV54"
239,"IV55"
240,"IV56"
241,"IV63"
242,"KA1"
243,"KA2"
244,"KA3"
245,"KA4"
246,"KA5"
247,"KA6"
248,"KA7"
249,"KA8"
250,"KA9"
251,"KA10"
252,"KA11"
253,"KA12"
254,"KA13"
255,"KA14"
256,"KA15"
257,"KA16"
258,"KA17"
259,"KA18"
260,"KA19"
261,"KA20"
262,"KA21"
263,"KA22"
264,"KA23"
265,"KA24"
266,"KA25"
267,"KA26"
268,"KA27"
269,"KA28"
270,"KA29"
271,"KA30"
272,"KW1"
273,"KW2"
274,"KW3"
275,"KW5"
276,"KW6"
277,"KW7"
278,"KW8"
279,"KW9"
280,"KW10"
281,"KW11"
282,"KW12"
283,"KW13"
284,"KW14"
285,"KW15"
286,"KW16"
287,"KW17"
288,"KY1"
289,"KY2"
290,"KY3"
291,"KY4"
292,"KY5"
293,"KY6"
294,"KY7"
295,"KY8"
296,"KY9"
297,"KY10"
298,"KY11"
299,"KY12"
300,"KY13"
301,"KY14"
302,"KY15"
303,"KY16"
304,"ML1"
305,"ML2"
306,"ML3"
307,"ML4"
308,"ML5"
309,"ML6"
310,"ML7"
311,"ML8"
312,"ML9"
313,"ML10"
314,"ML11"
315,"ML12"
316,"PA1"
317,"PA2"
318,"PA3"
319,"PA4"
320,"PA5"
321,"PA6"
322,"PA7"
323,"PA8"
324,"PA9"
325,"PA10"
326,"PA11"
327,"PA12"
328,"PA13"
329,"PA14"
330,"PA15"
331,"PA16"
332,"PA17"
333,"PA18"
334,"PA19"
335,"PA20"
336,"PA21"
337,"PA22"
338,"PA23"
339,"PA24"
340,"PA25"
341,"PA26"
342,"PA27"
343,"PA28"
344,"PA29"
345,"PA30"
346,"PA31"
347,"PA32"
348,"PA33"
349,"PA34"
350,"PA35"
351,"PA36"
352,"PA37"
353,"PA38"
354,"PA41"
355,"PA42"
356,"PA43"
357,"PA44"
358,"PA45"
359,"PA46"
360,"PA47"
361,"PA48"
362,"PA49"
363,"PA60"
364,"PA61"
365,"PA62"
366,"PA63"
367,"PA64"
368,"PA65"
369,"PA66"
370,"PA67"
371,"PA68"
372,"PA69"
373,"PA70"
374,"PA71"
375,"PA72"
376,"PA73"
377,"PA74"
378,"PA75"
379,"PA76"
380,"PA77"
381,"PA78"
382,"PA80"
383,"PH1"
384,"PH2"
385,"PH3"
386,"PH4"
387,"PH5"
388,"PH6"
389,"PH7"
390,"PH8"
391,"PH9"
392,"PH10"
393,"PH11"
394,"PH12"
395,"PH13"
396,"PH14"
397,"PH15"
398,"PH16"
399,"PH17"
400,"PH18"
401,"PH19"
402,"PH20"
403,"PH21"
404,"PH22"
405,"PH23"
406,"PH24"
407,"PH25"
408,"PH26"
409,"PH30"
410,"PH31"
411,"PH32"
412,"PH33"
413,"PH34"
414,"PH35"
415,"PH36"
416,"PH37"
417,"PH38"
418,"PH39"
419,"PH40"
420,"PH41"
421,"PH42"
422,"PH43"
423,"PH44"
424,"PH49"
425,"PH50"
426,"TD1"
427,"TD2"
428,"TD3"
429,"TD4"
430,"TD5"
431,"TD6"
432,"TD7"
433,"TD8"
434,"TD9"
435,"TD10"
436,"TD11"
437,"TD12"
438,"TD13"
439,"TD14"
440,"TD15"
